Entity,Code_x,Year_x,Deaths - Self-harm - Sex: Both - Age: Age-standardized (Rate)_x,Prevalence - Depressive disorders - Sex: Both - Age: Age-standardized (Rate)_x,change in depression,change in suicide,,Year_y,Deaths - Self-harm - Sex: Both - Age: Age-standardized (Rate)_y,Prevalence - Depressive disorders - Sex: Both - Age: Age-standardized (Rate)_y,population,Continent_y
Afghanistan,AFG,1990,10.31850413,4039.755763,0.002971546,-0.405576922,,2017,9.1885684,4042.996929,36296111,
Africa,,1990,,,#DIV/0!,#DIV/0!,,2017,,,1244222269,
Albania,ALB,1990,3.985169898,2065.45187,0.070865564,1.044251878,,2017,5.108780608,2104.971611,2884169,
Algeria,DZA,1990,4.838862334,3582.280268,-0.141745171,-0.546926746,,2017,4.124306462,3445.182117,41389174,
American Samoa,ASM,1990,6.846650053,2844.242525,-0.030013197,-0.058479623,,2017,6.738544884,2821.194026,55617,
Andean Latin America,,1990,5.200334507,2557.506391,-0.06846113,0.134888732,,2017,5.389730469,2510.232151,,
Andorra,AND,1990,11.014175,3462.176023,-0.047104996,-1.043067372,,2017,7.912272825,3418.14286,76997,
Angola,AGO,1990,15.99665753,4165.120502,-0.062336022,-0.933146832,,2017,11.96630535,4095.0185,29816769,
Anguilla,AIA,1990,,,#DIV/0!,#DIV/0!,,2017,,,14588,
Antigua and Barbuda,ATG,1990,2.59369537,2498.317018,-0.069904937,0.080578762,,2017,2.650124496,2451.162951,95425,
Argentina,ARG,1990,9.905556977,3341.923276,0.030822648,0.263273461,,2017,10.60968195,3369.735146,43937143,
Armenia,ARM,1990,3.417877348,2532.741366,0.124802783,5.251171159,,2017,8.263799266,2618.086522,2944789,
Aruba,ABW,1990,,,#DIV/0!,#DIV/0!,,2017,,,105361,
Asia,,1990,,,#DIV/0!,#DIV/0!,,2017,,,4517860329,
Australasia,,1990,12.86979066,4096.512706,-0.047622841,-0.514435137,,2017,11.08220908,4043.839061,,
Australia,AUS,1990,12.80008223,4172.446866,-0.031320461,-0.507287624,,2017,11.04688494,4137.162467,24584619,
Austria,AUT,1990,19.84459147,3319.552635,-0.365349419,-1.612984406,,2017,11.20215699,2992.097546,8819902,
Azerbaijan,AZE,1990,3.174216934,2502.501855,-0.058657558,1.046411572,,2017,4.071032014,2462.86838,9845316,
Bahamas,BHS,1990,3.321763752,2544.95668,-0.075025911,-0.166650113,,2017,3.17229923,2493.403503,381749,
Bahrain,BHR,1990,5.67571346,4079.120004,-0.333603541,-0.945264607,,2017,4.227149676,3711.701607,1494077,
Bangladesh,BGD,1990,10.50576851,4127.370938,-0.090616885,-1.577139661,,2017,6.032121179,4026.388374,159685421,
Barbados,BRB,1990,4.842380031,2600.422851,0.020415889,-0.66397439,,2017,3.974271622,2614.757136,286229,
Belarus,BLR,1990,20.33266486,3769.216164,-0.015066609,-0.236399748,,2017,19.03487291,3753.883051,9450233,
Belgium,BEL,1990,17.60461431,3295.787726,0.494463293,-0.700425696,,2017,14.27531877,3735.79216,11419752,
Belize,BLZ,1990,6.114596984,2635.521721,0.124580077,1.040762028,,2017,7.83283388,2724.171766,375775,
Benin,BEN,1990,10.44941136,3519.639934,0.063734672,0.244015858,,2017,11.13786332,3580.20717,11175192,
Bermuda,BMU,1990,5.754124464,2940.117873,-0.353948133,-1.496949511,,2017,3.428443337,2659.14258,63040,
Bhutan,BTN,1990,8.530198482,3545.337576,-0.22720291,-1.221107931,,2017,5.717799366,3327.849602,745563,
Bolivia,BOL,1990,8.125782406,3082.181256,-0.117977481,-0.781661023,,2017,6.410848412,2984.001701,11192853,
Bonaire Sint Eustatius and Saba,BES,1990,,,#DIV/0!,#DIV/0!,,2017,,,25399,
Bosnia and Herzegovina,BIH,1990,9.988802511,2575.511588,-0.529706798,-1.16487886,,2017,6.847151393,2207.159769,3351534,
Botswana,BWA,1990,15.84118077,3735.958158,0.089371507,-1.363913511,,2017,10.00756064,3826.107975,2205076,
Brazil,BRA,1990,7.163659193,3425.703005,-0.292182064,-0.555455226,,2017,6.08930437,3155.452182,207833825,
British Virgin Islands,VGB,1990,,,#DIV/0!,#DIV/0!,,2017,,,29567,
Brunei,BRN,1990,4.448610238,2377.367913,-0.065440749,1.478908228,,2017,6.224963535,2335.362194,424481,
Bulgaria,BGR,1990,14.76611183,2652.715357,-0.333592616,-1.325681135,,2017,9.480819739,2413.785268,7102452,
Burkina Faso,BFA,1990,13.75929474,3654.937802,0.005798425,-0.147559321,,2017,13.21111045,3660.65988,19193236,
Burundi,BDI,1990,20.27244424,4171.218418,-0.467428345,-1.39856119,,2017,12.61733573,3644.787073,10827010,
Cambodia,KHM,1990,6.569302936,3135.847973,-0.121047465,-1.1416738,,2017,4.544302654,3033.359632,16009413,
Cameroon,CMR,1990,12.95014453,3592.385705,0.086730864,0.308817666,,2017,14.02993755,3676.509798,24566070,
Canada,CAN,1990,13.20676251,3730.659589,-0.106425291,-0.645451505,,2017,10.90519483,3623.459725,36732091,
Cape Verde,CPV,1990,12.62803042,3697.005032,0.188819014,1.213685775,,2017,16.76617486,3885.48254,537499,
Caribbean,,1990,12.83722861,3229.156521,-0.31657268,-0.966335071,,2017,9.48786127,2953.145583,,
Cayman Islands,CYM,1990,,,#DIV/0!,#DIV/0!,,2017,,,63382,
Central African Republic,CAF,1990,16.65117995,4188.941483,-0.014473337,0.061327523,,2017,16.92689737,4172.571933,4596023,
Central Asia,,1990,11.42211231,2911.170366,-0.090223839,0.01857286,,2017,11.47939046,2840.252985,,
Central Europe,,1990,15.8880867,2462.528745,-0.243079789,-0.987873327,,2017,11.65032409,2300.909184,,
"Central Europe, Eastern Europe, and Central Asia",,1990,20.79967036,3241.392517,-0.199645081,-0.43410298,,2017,18.36178666,3066.667938,,
Central Latin America,,1990,5.356649213,2527.45375,0.034932604,0.601008126,,2017,6.225884433,2551.292196,,
Central Sub-Saharan Africa,,1990,13.36369538,4051.023672,-0.073188945,-0.38055348,,2017,11.99058317,3970.971332,,
Chad,TCD,1990,8.541026675,3808.157106,0.018567767,1.076516108,,2017,11.02355593,3827.248529,15016761,
Channel Islands,OWID_CIS,1990,,,#DIV/0!,#DIV/0!,,2017,,,168666,
Chile,CHL,1990,23.19597083,4118.126976,-0.358871431,-2.084813964,,2017,10.13896418,3719.099883,18470435,
China,CHN,1990,20.92354023,3440.402271,-0.34859644,-2.428129958,,2017,7.206170018,3116.588035,1421021794,
Colombia,COL,1990,5.046793809,2200.605977,-0.215962321,0.351339182,,2017,5.525540639,2072.289024,48909844,
Comoros,COM,1990,10.75426378,3340.086769,-0.12118834,-0.839355053,,2017,8.317069457,3230.796285,813890,
Congo,COG,1990,17.08423512,4170.015359,-0.204647035,-0.66045323,,2017,14.03773379,3939.602414,5110701,
Cook Islands,COK,1990,,,#DIV/0!,#DIV/0!,,2017,,,17505,
Costa Rica,CRI,1990,6.381287937,2655.951266,0.104900968,0.825436288,,2017,7.803471527,2731.176468,4949955,
Cote d'Ivoire,CIV,1990,13.53288861,3264.64899,0.018636724,0.089497914,,2017,13.85990324,3281.076428,24437475,
Croatia,HRV,1990,20.37625262,2960.167923,-0.435792263,-1.693460442,,2017,11.05953062,2611.862988,4182846,
Cuba,CUB,1990,19.8368279,3909.020979,-0.73329458,-1.595991882,,2017,11.2887855,3135.075727,11339255,
Curacao,CUW,1990,,,#DIV/0!,#DIV/0!,,2017,,,161986,
Cyprus,CYP,1990,4.606578679,3147.035028,-0.078631744,0.018951625,,2017,4.63015026,3080.221678,1179685,
Czechia,CZE,1990,18.93605893,2787.001744,-0.36860662,-1.597859055,,2017,10.76662756,2509.628775,10641032,
Democratic Republic of Congo,COD,1990,12.17883477,3998.329816,-0.074015449,-0.182156695,,2017,11.57985157,3918.426508,81398765,
Denmark,DNK,1990,23.86273833,3589.057382,-0.573353525,-2.337824053,,2017,8.800279746,3033.451733,5732277,
Djibouti,DJI,1990,9.306194062,3501.182182,-0.026336534,-0.343341201,,2017,8.443490103,3476.285751,944100,
Dominica,DMA,1990,4.258767612,2528.580371,-0.021716689,0.24169447,,2017,4.536684169,2513.754025,71460,
Dominican Republic,DOM,1990,5.046349793,2825.088781,0.041143068,2.845980153,,2017,8.924038859,2856.471642,10513111,
East Asia,,1990,20.58576238,3421.982952,-0.339631283,-2.375644232,,2017,7.38156151,3108.185588,,
Eastern Europe,,1990,25.62739334,3731.203683,-0.160299865,-0.147758898,,2017,24.60499098,3569.713592,,
Eastern Sub-Saharan Africa,,1990,15.0704339,3905.791169,-0.149510178,-0.988737852,,2017,11.04724262,3748.123175,,
Ecuador,ECU,1990,5.526024735,2786.225833,0.074627016,2.471550865,,2017,9.213644563,2842.366317,16785356,
Egypt,EGY,1990,5.035531407,3099.011955,0.022356798,0.319387651,,2017,5.469768775,3117.718631,96442590,
El Salvador,SLV,1990,12.33400978,3047.109906,-0.206914626,-0.759972504,,2017,9.803162539,2876.877172,6388124,
England,,1990,8.96174646,3952.812598,-0.182583297,-0.864754874,,2017,6.869323698,3757.948858,,
Equatorial Guinea,GNQ,1990,17.69700586,4238.753174,-0.145537069,-1.750150586,,2017,9.334451063,4072.191332,1262008,
Eritrea,ERI,1990,19.95072819,3889.937617,-0.103511659,-0.786978476,,2017,15.7115139,3781.221065,3412894,
Estonia,EST,1990,26.81127284,4243.263121,-0.597621676,-1.943979536,,2017,12.73872009,3558.579296,1319389,
Eswatini,SWZ,1990,18.01635676,3699.438845,0.260568385,0.884650074,,2017,22.31966302,3959.707182,1124808,
Ethiopia,ETH,1990,19.32093546,4029.543355,-0.270380594,-1.856934612,,2017,9.633952734,3735.375567,106399926,
Europe,,1990,,,#DIV/0!,#DIV/0!,,2017,,,746596841,
Faeroe Islands,FRO,1990,,,#DIV/0!,#DIV/0!,,2017,,,48326,
Falkland Islands,FLK,1990,,,#DIV/0!,#DIV/0!,,2017,,,3074,
Fiji,FJI,1990,10.00814282,3027.063935,0.051859265,-0.066287591,,2017,9.829020588,3069.448889,877460,
Finland,FIN,1990,26.95873542,4982.426491,-0.432499513,-1.925272837,,2017,12.94494674,4400.604292,5511372,
France,FRA,1990,21.27871541,4184.629313,-0.301547838,-1.545348341,,2017,12.40029797,3843.925514,64842513,
French Guiana,GUF,1990,,,#DIV/0!,#DIV/0!,,2017,,,275189,
French Polynesia,PYF,1990,,,#DIV/0!,#DIV/0!,,2017,,,276108,
Gabon,GAB,1990,12.94999799,4073.254767,-0.097927087,-0.121030375,,2017,12.52681535,3965.556634,2064812,
Gambia,GMB,1990,8.427495795,4115.160784,-0.02539465,0.562198675,,2017,9.706736077,4086.944956,2213900,
Georgia,GEO,1990,4.812891166,2647.817717,-0.004787841,2.06300193,,2017,7.493722182,2644.394838,4008723,
Germany,DEU,1990,13.68273961,3579.531591,-0.015379993,-1.019213957,,2017,9.917417031,3564.667235,82658409,
Ghana,GHA,1990,7.957371443,3341.981169,-0.020289572,0.812209996,,2017,9.702396733,3323.67318,29121464,
Gibraltar,GIB,1990,,,#DIV/0!,#DIV/0!,,2017,,,33723,
Greece,GRC,1990,3.490638639,3813.119649,0.0376535,0.016568752,,2017,3.506254231,3851.88552,10569449,
Greenland,GRL,1990,98.83169616,5804.372145,-0.0520412,-1.790116124,,2017,51.06323868,5722.814192,56473,
Grenada,GRD,1990,6.64272653,2652.923658,-0.000740144,-0.999608882,,2017,4.849891851,2652.393501,110874,
Guadeloupe,GLP,1990,,,#DIV/0!,#DIV/0!,,2017,,,399679,
Guam,GUM,1990,16.99361645,3235.809888,0.110282739,0.779558809,,2017,20.57044777,3332.160462,164281,
Guatemala,GTM,1990,10.77708492,3144.797229,-0.084841317,-1.670341921,,2017,5.916702403,3072.75887,16914979,
Guinea,GIN,1990,8.079473641,3447.640866,0.077302478,1.395225612,,2017,11.12309955,3519.598885,12067516,
Guinea-Bissau,GNB,1990,13.58425341,3523.047624,0.093891222,0.002860469,,2017,13.59474489,3612.359101,1828146,
Guyana,GUY,1990,22.01356825,3610.406634,0.409253854,0.682835113,,2017,26.07211034,4009.351298,775218,
Haiti,HTI,1990,11.10438126,2896.250725,0.012115889,-0.850924229,,2017,8.553154753,2905.725201,10982367,
High SDI,,1990,13.07908034,3580.073086,0.014918582,-0.480459795,,2017,11.38240783,3594.493682,,
High-income,,1990,13.05429363,3719.968634,0.026367544,-0.40304191,,2017,11.63370822,3746.451972,,
High-income Asia Pacific,,1990,14.78998873,2759.738131,0.274614511,0.394934037,,2017,16.36707762,2964.361448,,
High-middle SDI,,1990,16.99967503,3500.409749,-0.145753846,-1.7461611,,2017,8.984948793,3362.656239,,
Honduras,HND,1990,5.889372835,2558.095488,0.132421041,-0.938302891,,2017,4.397348634,2649.556818,9429016,
Hong Kong,HKG,1990,,,#DIV/0!,#DIV/0!,,2017,,,7306315,
Hungary,HUN,1990,33.81013435,3059.709289,-0.552467478,-2.139223079,,2017,14.28173103,2603.304023,9729822,
Iceland,ISL,1990,14.22452955,3331.532271,-0.253166398,-1.201938939,,2017,9.608335243,3103.805624,334395,
India,IND,1990,20.20373436,3718.843262,-0.253994728,-0.844341518,,2017,15.59784439,3463.810285,1338676779,
Indonesia,IDN,1990,4.021260334,2602.184161,-0.051934975,-0.825980987,,2017,3.124459497,2565.695181,264650968,
Iran,IRN,1990,7.223447861,4545.92386,0.268227454,-0.910463024,,2017,5.447743672,4875.146087,80673888,
Iraq,IRQ,1990,8.147584468,3682.503755,0.061358157,-1.842230528,,2017,4.094957682,3743.510699,37552789,
Ireland,IRL,1990,10.26183387,3827.400459,0.054455303,-0.681304039,,2017,8.374148078,3883.674467,4753281,
Isle of Man,IMN,1990,,,#DIV/0!,#DIV/0!,,2017,,,83610,
Israel,ISR,1990,7.711887877,3745.347061,-0.180258364,-0.950216419,,2017,5.733338007,3563.061925,8243849,
Italy,ITA,1990,7.177505432,3529.104735,-0.346423461,-1.247684418,,2017,4.759584776,3199.012272,60673694,
Jamaica,JAM,1990,1.556444974,2496.635195,-0.014070707,4.878331921,,2017,3.606515878,2487.150251,2920848,
Japan,JPN,1990,15.51772595,2772.396222,0.311284246,0.031081568,,2017,15.64795107,3005.407104,127502728,
Jordan,JOR,1990,6.004859215,3707.888823,-0.300406244,-1.718385492,,2017,3.218820217,3407.143125,9785840,
Kazakhstan,KAZ,1990,21.11994229,3296.554494,0.040591938,0.327158885,,2017,22.98552802,3332.684149,18080023,
Kenya,KEN,1990,11.33387788,3573.776697,-0.160713328,-0.090285891,,2017,11.05758978,3418.701239,50221146,
Kiribati,KIR,1990,26.08202581,3221.227697,-0.115774751,0.042118603,,2017,26.3786312,3120.534752,114153,
Kuwait,KWT,1990,2.791668079,3363.970209,0.038271117,-0.396808455,,2017,2.492573555,3398.730791,4056102,
Kyrgyzstan,KGZ,1990,17.09005256,3094.720883,-0.190332196,-1.533201398,,2017,10.01537959,2935.684127,6189727,
Laos,LAO,1990,18.0396141,2866.833239,-0.062209092,-1.974946307,,2017,8.420251403,2818.680604,6953031,
Latin America and Caribbean,,1990,6.862663615,2956.640348,-0.186313365,-0.246970926,,2017,6.405046451,2807.907713,,
Latvia,LVA,1990,25.80889431,3754.984144,-0.483412899,-1.265745181,,2017,16.98867374,3264.878046,1951097,
Lebanon,LBN,1990,5.271447645,3201.993771,0.325444158,-0.346089921,,2017,4.778861022,3483.352716,6819373,
Lesotho,LSO,1990,24.12464833,5193.414029,0.214653466,1.165331773,,2017,31.71521752,5494.405796,2091532,
Liberia,LBR,1990,11.1060148,3490.820317,0.289231389,0.702334995,,2017,13.21205337,3763.427115,4702224,
Libya,LBY,1990,6.451105593,3562.857048,0.065925959,0.931047128,,2017,8.072802093,3626.275935,6580723,
Liechtenstein,LIE,1990,,,#DIV/0!,#DIV/0!,,2017,,,37805,
Lithuania,LTU,1990,27.96991886,4021.083727,-0.134122101,0.00273648,,2017,27.99058442,3875.468354,2845419,
Low SDI,,1990,13.56692357,3682.055007,-0.127266466,-0.834890166,,2017,10.50866298,3555.532432,,
Low-middle SDI,,1990,15.82803605,3701.69174,-0.162060629,-1.000651415,,2017,11.55168245,3539.719147,,
Luxembourg,LUX,1990,16.08722668,3739.709628,-0.409980803,-1.699584909,,2017,8.704992604,3325.743156,591914,
Macao,MAC,1990,,,#DIV/0!,#DIV/0!,,2017,,,622578,
Madagascar,MDG,1990,14.58775749,3737.211132,-0.080462101,-0.914550796,,2017,10.98562128,3656.02109,25570511,
Malawi,MWI,1990,12.20569438,3478.513386,-0.112715838,-0.026299206,,2017,12.11902436,3372.650827,17670193,
Malaysia,MYS,1990,9.697636878,3133.426511,0.186017321,-0.707505892,,2017,7.845130367,3290.801844,31104655,
Maldives,MDV,1990,10.52028812,3307.198128,-0.379642686,-2.525689706,,2017,3.3461226,2968.198661,496398,
Mali,MLI,1990,7.610041905,3039.326321,-0.081588571,-0.388458278,,2017,6.811872286,2972.373262,18512429,
Malta,MLT,1990,4.798127912,3209.054387,-0.126846459,-0.209260421,,2017,4.52703218,3099.148947,437935,
Marshall Islands,MHL,1990,27.04307287,3045.288355,-0.018347876,-0.627528177,,2017,22.46109451,3030.20222,58053,
Martinique,MTQ,1990,,,#DIV/0!,#DIV/0!,,2017,,,375946,
Mauritania,MRT,1990,7.714852309,3107.139682,-0.103320971,-0.518137189,,2017,6.635567299,3020.460856,4282582,
Mauritius,MUS,1990,13.06211354,3564.280746,-0.24042175,-1.347293815,,2017,8.310517248,3332.90948,1264497,
Mayotte,MYT,1990,,,#DIV/0!,#DIV/0!,,2017,,,252962,
Mexico,MEX,1990,4.012773987,2531.405331,0.134650377,1.76253216,,2017,5.922387652,2623.436095,124777326,
Micronesia (country),FSM,1990,22.10071546,3093.278295,-0.037792051,-0.847224793,,2017,17.04516146,3061.714936,111461,
Middle SDI,,1990,16.10654507,3211.365038,-0.194335053,-1.706339113,,2017,8.686073557,3042.863223,,
Moldova,MDA,1990,17.41386791,3589.921242,-0.341658156,-0.803344142,,2017,13.63674914,3258.759257,4059687,
Monaco,MCO,1990,,,#DIV/0!,#DIV/0!,,2017,,,38392,
Mongolia,MNG,1990,15.45900286,3242.441784,0.146577016,-0.024164157,,2017,15.35814334,3370.763993,3113788,
Montenegro,MNE,1990,10.67028818,2422.222252,-0.006233397,-0.446942963,,2017,9.382655422,2418.14561,627563,
Montserrat,MSR,1990,,,#DIV/0!,#DIV/0!,,2017,,,4989,
Morocco,MAR,1990,8.017469391,5340.022913,-0.103597269,-0.402130083,,2017,7.14697167,5190.655729,35581257,
Mozambique,MOZ,1990,15.82028611,3735.922348,0.099072527,0.323976278,,2017,17.20414341,3835.85671,28649007,
Myanmar,MMR,1990,7.77946675,2227.338801,0.016839726,-1.30298714,,2017,5.042599564,2237.4659,53382521,
Namibia,NAM,1990,17.72248602,3363.724681,-0.021924428,-1.235082995,,2017,11.81252592,3343.812791,2402623,
Nauru,NRU,1990,,,#DIV/0!,#DIV/0!,,2017,,,10577,
Nepal,NPL,1990,11.83905645,3500.530005,0.014313154,-1.085250255,,2017,8.370004911,3514.057984,27632682,
Netherlands,NLD,1990,10.9472164,3729.787803,-0.057326816,-0.60157698,,2017,9.169106187,3672.057251,17021343,
Netherlands Antilles,ANT,1990,,,#DIV/0!,#DIV/0!,,2017,,,321292,
New Caledonia,NCL,1990,,,#DIV/0!,#DIV/0!,,2017,,,277159,
New Zealand,NZL,1990,13.1414703,3716.814484,-0.187239611,-0.520018463,,2017,11.29634236,3528.912062,4702029,
Nicaragua,NIC,1990,7.183216248,2679.673737,0.028331033,-0.680939633,,2017,5.862555356,2700.171577,6384843,
Niger,NER,1990,7.800238469,3390.761275,0.0335501,-0.078716142,,2017,7.634457206,3421.476578,21602388,
Nigeria,NGA,1990,8.515573365,3908.512342,-0.049628576,-0.424326418,,2017,7.539960024,3856.139389,190873247,
Niue,NIU,1990,,,#DIV/0!,#DIV/0!,,2017,,,1612,
North Africa and Middle East,,1990,5.713610789,3833.149696,-0.02703272,-0.644851025,,2017,4.71881529,3805.172171,,
North America,,1990,12.21712482,4217.040912,0.093501692,0.128339674,,2017,12.64046911,4323.502036,578582963,
North Korea,PRK,1990,12.5381619,3104.715857,-0.17016335,-0.434663928,,2017,11.06669249,2962.072467,25429816,
North Macedonia,MKD,1990,8.351007076,2318.204139,-0.164407186,-0.696841125,,2017,6.779789281,2215.299196,2081996,
Northern Ireland,,1990,9.989942865,3900.745901,-0.101779195,-0.164285038,,2017,9.546819365,3793.551911,,
Northern Mariana Islands,MNP,1990,12.06139995,2816.583095,0.187588394,0.029592017,,2017,12.15776866,2959.239836,56553,
Norway,NOR,1990,15.0112804,3604.910325,-0.142761509,-1.416829305,,2017,9.268806468,3465.956867,5296324,
Oceania,,1990,24.49374109,3101.947491,0.011143149,-0.518492843,,2017,21.06478714,3111.280166,41006479,
Oman,OMN,1990,3.714152854,3389.075075,-0.103507164,-0.794746942,,2017,2.917163716,3294.360817,4665926,
Pakistan,PAK,1990,4.100183749,3370.607593,-0.148792692,0.31413579,,2017,4.447947653,3235.196713,207906210,
Palau,PLW,1990,,,#DIV/0!,#DIV/0!,,2017,,,17809,
Palestine,PSE,1990,5.341810937,4607.812443,-0.119046454,-1.244480857,,2017,3.546909945,4459.705635,4747233,
Panama,PAN,1990,5.369529263,2556.255764,-0.032403823,-0.269316728,,2017,4.979081169,2533.891,4106764,
Papua New Guinea,PNG,1990,29.09286579,3125.39764,-0.003087326,-0.766194344,,2017,23.0743527,3122.792377,8438038,
Paraguay,PRY,1990,3.778056012,2691.560205,0.210102602,1.936062264,,2017,5.752984965,2844.246232,6867058,
Peru,PER,1990,4.232323411,2307.321256,-0.186165683,-0.957026326,,2017,3.138703281,2191.344366,31444299,
Philippines,PHL,1990,13.25217493,2911.64643,-0.288748574,-2.024686451,,2017,6.007670191,2684.648316,105172921,
Poland,POL,1990,13.56554564,2132.695654,-0.038996778,0.104456999,,2017,13.94814001,2110.240224,37953176,
Portugal,PRT,1990,14.00377246,4409.363388,-0.294627076,-1.670473883,,2017,7.687679698,4058.601571,10288527,
Puerto Rico,PRI,1990,10.04469548,2654.71065,-0.118354404,-1.458417615,,2017,6.089368058,2569.877542,3163676,
Qatar,QAT,1990,7.510249607,3512.867261,-0.241499891,-1.415497106,,2017,4.639950729,3283.810855,2724727,
Reunion,REU,1990,,,#DIV/0!,#DIV/0!,,2017,,,876131,
Romania,ROU,1990,9.466526494,2279.916044,-0.052095836,-0.120465206,,2017,9.158621987,2247.847028,19653966,
Russia,RUS,1990,28.3210154,3577.230949,-0.100324112,-0.422843516,,2017,25.08766881,3480.332669,145530091,
Rwanda,RWA,1990,22.16843796,4147.957893,-0.345133134,-1.87413562,,2017,10.95083997,3761.426512,11980960,
Saint Barthlemy,,1990,,,#DIV/0!,#DIV/0!,,2017,,,9788,
Saint Helena,SHN,1990,,,#DIV/0!,#DIV/0!,,2017,,,6008,
Saint Kitts and Nevis,KNA,1990,,,#DIV/0!,#DIV/0!,,2017,,,52036,
Saint Lucia,LCA,1990,8.267145725,2694.819247,0.016254127,-0.611346125,,2017,6.902542099,2706.645769,180955,
Saint Martin (French part),MAF,1990,,,#DIV/0!,#DIV/0!,,2017,,,36569,
Saint Pierre and Miquelon,SPM,1990,,,#DIV/0!,#DIV/0!,,2017,,,5885,
Saint Vincent and the Grenadines,VCT,1990,6.629428911,2668.566898,0.109201683,0.328074278,,2017,7.216664089,2747.248137,109826,
Samoa,WSM,1990,15.35299144,3058.630046,-0.130213529,-1.290916984,,2017,10.00174334,2951.095793,195358,
San Marino,SMR,1990,,,#DIV/0!,#DIV/0!,,2017,,,33671,
Sao Tome and Principe,STP,1990,2.700418618,3124.686623,-0.072922809,1.148146282,,2017,3.537547029,3063.164173,207086,
Saudi Arabia,SAU,1990,2.409897882,3376.280536,0.001748807,0.826833205,,2017,2.947895451,3377.874741,33101182,
Scotland,,1990,12.85845776,4034.653047,-0.172875804,-0.570287498,,2017,10.87854298,3846.329697,,
Senegal,SEN,1990,13.08396813,3311.966454,0.00750716,-0.046974117,,2017,12.91802401,3318.679589,15419354,
Serbia,SRB,1990,19.43127557,2627.966102,-0.267157702,-1.287950254,,2017,12.67411617,2438.404128,8829623,
Seychelles,SYC,1990,15.18712992,2871.376732,-0.171953963,-1.747899285,,2017,8.019825067,2738.065688,96418,
Sierra Leone,SLE,1990,7.703276662,3408.406924,0.151759172,1.047106735,,2017,9.881137938,3548.066317,7488427,
Singapore,SGP,1990,14.58948898,3605.376409,-0.521994604,-1.843633492,,2017,7.32711794,3097.239911,5708042,
Sint Maarten (Dutch part),SXM,1990,,,#DIV/0!,#DIV/0!,,2017,,,41444,
Slovakia,SVK,1990,15.45542742,2413.462303,-0.233536783,-1.433172143,,2017,9.474849651,2261.281603,5447903,
Slovenia,SVN,1990,27.68452724,3188.47196,-0.597768621,-1.780084887,,2017,14.37870893,2673.860469,2076395,
Solomon Islands,SLB,1990,22.25951583,3099.523537,0.004953277,-0.975316207,,2017,16.39779786,3103.668793,636030,
Somalia,SOM,1990,10.78108767,3727.318879,-0.014443852,-0.288594935,,2017,9.941018501,3712.782932,14589165,
South Africa,ZAF,1990,18.55689681,3680.137914,-0.066985181,-1.478257913,,2017,11.15028933,3613.578944,57009751,
South America,,1990,,,#DIV/0!,#DIV/0!,,2017,,,419903920,
South Asia,,1990,17.69879971,3722.344077,-0.227470075,-0.882923983,,2017,13.47959213,3493.729168,,
South Korea,KOR,1990,10.96757317,2661.795126,0.355713573,3.32228097,,2017,20.80566027,2917.441023,51096408,
South Sudan,SSD,1990,12.77931789,3592.812411,0.04757168,-0.224794218,,2017,12.00368436,3638.959764,10910774,
Southeast Asia,,1990,9.47014596,2773.460853,-0.077643762,-1.306652278,,2017,6.129115255,2715.318531,,
"Southeast Asia, East Asia, and Oceania",,1990,17.95880669,3269.681187,-0.275092645,-2.198750983,,2017,7.297331846,3026.825571,,
Southern Latin America,,1990,13.5178342,3536.987857,-0.075571262,-0.729693592,,2017,10.85458741,3464.818305,,
Southern Sub-Saharan Africa,,1990,18.43727654,3606.418764,-0.038599632,-0.936232087,,2017,13.77665267,3568.833026,,
Spain,ESP,1990,7.402572136,3523.677738,-0.308556621,-0.948654917,,2017,5.506500793,3230.119132,46647425,
Sri Lanka,LKA,1990,40.83261926,3660.645299,-0.385728377,-1.907715946,,2017,19.80041876,3279.401311,21128028,
Sub-Saharan Africa,,1990,12.86247531,3791.670118,-0.080163454,-0.633212281,,2017,10.66341243,3709.602707,,
Sudan,SDN,1990,6.166882692,3709.931571,-0.023232832,-0.685902104,,2017,5.024815682,3686.659672,40813398,
Suriname,SUR,1990,24.03668391,3544.468876,0.287831611,0.115007566,,2017,24.78307205,3819.925626,570501,
Svalbard and Jan Mayen,SJM,1990,,,#DIV/0!,#DIV/0!,,2017,,,2400,
Sweden,SWE,1990,17.92360099,4324.105304,-0.15986964,-1.414825122,,2017,11.07673553,4137.456151,9904895,
Switzerland,CHE,1990,20.64127698,3865.341904,-0.460887114,-2.032104867,,2017,9.316062337,3384.34061,8455797,
Syria,SYR,1990,3.678726112,3535.106813,-0.109695746,-0.600482057,,2017,3.082293676,3430.404545,17095669,
Taiwan,TWN,1990,10.04665944,2681.884247,0.14885547,1.282038038,,2017,13.52431332,2789.671795,23674546,
Tajikistan,TJK,1990,5.925765807,2624.874809,-0.206077058,-0.107377714,,2017,5.753966106,2478.82466,8880270,
Tanzania,TZA,1990,10.3375539,3744.752863,-0.127216872,-0.544756843,,2017,8.817061528,3616.126012,54660345,
Thailand,THA,1990,13.09255052,2926.591189,0.038295284,-0.749670661,,2017,10.44247325,2956.851342,69209817,
Timor,TLS,1990,12.78700951,3309.440583,-0.265251365,-1.568943472,,2017,7.370243834,3072.425502,1243260,
Togo,TGO,1990,10.83925946,3539.298939,0.07840043,0.485541479,,2017,12.26024518,3614.21923,7698476,
Tokelau,TKL,1990,,,#DIV/0!,#DIV/0!,,2017,,,1297,
Tonga,TON,1990,5.675059494,2843.695523,-0.029266186,0.190176448,,2017,5.966460412,2821.22501,102002,
Trinidad and Tobago,TTO,1990,14.0331417,3272.37368,-0.148871713,-1.032065772,,2017,10.12269789,3140.839434,1384060,
Tropical Latin America,,1990,7.082756945,3408.257872,-0.28430844,-0.520269174,,2017,6.087823117,3146.628823,,
Tunisia,TUN,1990,3.083089811,3758.39997,-0.053404856,0.033438583,,2017,3.110925233,3704.206432,11433438,
Turkey,TUR,1990,4.182112477,3652.544082,-0.157415477,-0.771665689,,2017,3.310770446,3497.303,81116451,
Turkmenistan,TKM,1990,9.064271903,2814.588497,-0.176714478,-0.155798301,,2017,8.682978398,2680.296292,5757667,
Turks and Caicos Islands,TCA,1990,,,#DIV/0!,#DIV/0!,,2017,,,37116,
Tuvalu,TUV,1990,,,#DIV/0!,#DIV/0!,,2017,,,11365,
Uganda,UGA,1990,13.03117871,4976.527496,-0.101089157,-0.422694596,,2017,11.54396233,4840.697794,41166588,
Ukraine,UKR,1990,19.42702422,4120.701477,-0.260801889,1.181096453,,2017,25.62222536,3830.53606,44487708,
United Arab Emirates,ARE,1990,4.322973176,2936.395145,-0.2597269,0.644120106,,2017,5.07479194,2730.476727,9487206,
United Kingdom,GBR,1990,9.353990105,3959.49385,-0.181947334,-0.790975406,,2017,7.356320552,3764.980626,66727463,
United States,USA,1990,12.08029888,4269.834472,0.112504659,0.231616111,,2017,12.83575668,4399.536065,325084758,
United States Virgin Islands,VIR,1990,6.716143475,2685.215807,0.09003415,-0.231096485,,2017,6.297082645,2750.49131,104745,
Uruguay,URY,1990,10.81540849,3059.657675,0.308302279,2.05562299,,2017,16.81815712,3314.348522,3436645,
Uzbekistan,UZB,1990,9.160511817,2876.655302,-0.134410554,0.091543641,,2017,9.3869302,2772.259037,31959774,
Vanuatu,VUT,1990,21.94928125,3088.048438,-0.022028155,-0.717087566,,2017,17.69960095,3069.681955,285499,
Vatican,VAT,1990,,,#DIV/0!,#DIV/0!,,2017,,,798,
Venezuela,VEN,1990,7.395848715,2672.840096,0.027187984,0.642053141,,2017,8.677951247,2692.460762,29402480,
Vietnam,VNM,1990,9.506400242,2893.213339,-0.145567553,-0.812069834,,2017,7.422037807,2779.500683,94600643,
Wales,,1990,9.257491083,3954.717108,-0.192188171,-0.264003991,,2017,8.597607142,3749.503649,,
Wallis and Futuna,WLF,1990,,,#DIV/0!,#DIV/0!,,2017,,,11894,
Western Europe,,1990,12.84952094,3780.078463,-0.196905009,-1.249238478,,2017,8.515449624,3579.113039,,
Western Sahara,ESH,1990,,,#DIV/0!,#DIV/0!,,2017,,,552617,
Western Sub-Saharan Africa,,1990,9.422535263,3664.210408,-0.020699394,0.02902918,,2017,9.49638795,3643.731736,,
World,OWID_WRL,1990,15.43246195,3435.480451,-0.136280435,-1.309458066,,2017,9.976258268,3309.069483,7548182589,
Yemen,YEM,1990,6.636407177,3932.308077,0.017159012,-0.347673625,,2017,6.013435168,3950.526198,27834811,
Zambia,ZMB,1990,16.46781282,3530.31329,0.049986704,-0.76642256,,2017,13.06006094,3577.959846,16853608,
Zimbabwe,ZWE,1990,17.76015132,2976.074201,0.147747292,1.800038432,,2017,26.39176915,3094.795065,14236599,